NAMA,ULASAN,TANGGAL
CS Arsitekhijau,"Curug nya kurang jernih, bukan berarti kurang bersih ya, tapi kurang jernih karena banyak batang2 tumbuhan paku berduri di Dasar kolam, Curug nya gak dalam jadi gak asik buat berenang. Tiket masuk mahal 25rb tapi ada spot hiburan selain â€¦",2 hari lalu
Andi ikmal,"Seneng berkunjung ke lokasi ini karena bersih tidak ada sampah pengunjung,karena pihak pengelolah membuatkan tempat sampah interval 20 mtr.Hutan nan asri ini juga terawat dengan baik,tidak ada tangan-tangan jahil yg merusak.Air terjun di curug 7 nya juga segar dan alami.",sebulan lalu
Shinta Maulidya,"Bagus untuk keluarga. Harga masuk terjangkau, per orang 25rb. Parkir + titip helm per motor 10rbğŸ‘",sebulan lalu
Anes Mega Oktaviana,"Biaya parkir dan titip helm 1 motor 20K. Karcis 1 orang 25K. Pas masuk langsung disuguhi pemandangan yang indah. Di sini juga tersedia mushola. Tempatnya bersih. Pemandangannya juga sangat indah.Bagi yang tidak kuat nanjak, tidak â€¦",3 bulan lalu
ilham_official208,"Surganya untuk pada pencinta air terjun..Ada 5 curug yaitu curug 2, 3, 4, 5 dan curug 7 cilember ...terdapat jga pondokan/villa di curug 7 cilember lokasinya persis menghadap curug 7 .. dan terdapat jga camping ground.. curug yg pling jauh â€¦",5 bulan lalu
RADIANZ Channel,"Tempat yang wajib dikunjungi saat liburan ke puncak, tempatnya bagus, banyak selfi spot, penuh perjuangan saat jalan menuju curugnya tapi terbayar dengan keindahan waterfall nya",sebulan lalu
Robin Sinaga,"Tempatnya bagus, sukses trus buat pengelola.curug 7 mantap, naik lagi ke curug 5 lbih keren lagi. Monyetny kadang nakalğŸ˜ğŸ˜",2 bulan lalu
LOVELYTA PUTRI R,"Nyaman buat rekreasi keluarga, camping ground dan menikmati udara segar..ğŸ’¯ğŸ‘",2 bulan lalu
Dian Hudaya ST,"Lumayan terjal jalan mendaki ke air terjun nya, suasana sekeliling nya menyegarkan dengan pohon pinus dan ada penangkaran kupu2 nya juga",2 bulan lalu
Rizkia8 Afia,"Bersih,teratur,ada musholah,camping ground dan kamar mandi terang dan bersih..Parkir 20.000Masuk perorang 25.000 (anak2pun sama)(lumayan mahal)(Ketika kami berkunjung)",4 bulan lalu
David Just,"Wah... ini Salah satu tempat wisata curug paling legend nih. Mungkin sudah lebih dari 20 tahun ga ke sini. Tempatnya semakin rapih semakin bagus, sudah ada wisata camp nya juga. Semoga tetap lestari.",3 bulan lalu
Jamalludin,"Suasana alam yg nyaman.Jauh dari kebisingan.Ada Hotel,tempat Kemah,dan air terjun.Jaraknya pun ga jauh dari Tempat Parkir kendaraan..recomended",sebulan lalu
Iin Indrawati,"T4 nya kerenğŸ˜ luas, banyak wahana dan spot foto nya, bisa nge camp,warung,toilet nya bersih,ada mushola nya jgPokokny...t4 wisata yg lengkap, ga nyesel deh kalo kesiniğŸ˜ğŸ˜",5 bulan lalu
Ratri Gunari,"Sekarang udah lebih baik yaa kayaknya, masih aman ajak anak balita kesini.",3 bulan lalu
Iwan Prayitno,"Cuma bisa ke 2 Curug, 5 n 7... Suasana bagus, Curug g ngecewain. Parkir masuk 10 K, Tiket 25 K/ org",sebulan lalu
Dedi Setiawan,"Tempatnya asri banget, biaya masuk 25ribu/orang. Ada taman kupu-kupu, air terjun, camping ground, banyak villa juga sekitaran tempat wisata. Cuman susah sinyal aja, selebihnya oke. Untuk yg bawa lansia sebaiknya jangan ke air terjun karena cukup jauh jalan kakinya dan menanjak.",4 bulan lalu
Udin. Udin. Masya,"masya allah indahnya cipta,an allah .bagaimana surganya tak dapat dibayangkan oleh akal subhanallah maha suci engkau a robb wass",sebulan lalu
Bayu Leni,"Pemandangan sangat bagus, hanya saja pemandianya nggk nyaaman, banyak batu tajam dan air tidak dalam cuman seperut doang airnya",4 bulan lalu
Ryo Harry,"Curug yang gak nyusahin buat didatangi. Terutama Curug 7 jadi klo mau wisata alam dan gak terlalu nyiksa fisik tempat ini masih ok lah, sayangnya lokasi parkir untuk roda 4 agak jauh tapi masih ok lah. Tiket masuk cuma 25rb. Masih ok lah untuk wisata alam",2 bulan lalu
ARIF ALFAUZY,"Tempat oke banget, hatiÂ² kalau mau naik ke Curug 5 jalan agak licin dan selalu menjaga tata kerama untuk menghormati penghuni disana",5 bulan lalu
yefta renata,"Lokasi aga jauh dari jalan raya, hati hati yg bawa motor kudu bisa handling nanjak",sebulan lalu
Sukiyah Sukiyah,"Tempatnya adeeem,anak2 suka banget karena dpt pengalaman baru,dan ada kolam renangnya yg alami diair terjun",sebulan lalu
kartim timy,"Lokasi cukup dekat dr jln raya puncak. Udara sangat sejuk. Untuk yang ingin berwisata alam, sangat bagus dijadikan salah satu  tujuan. Info dr petugas d sana HTM berkunjung lokasi 25k. Camping per malam 35k diluar penyewaan alat alat.",2 bulan lalu
Swiss Karel,"Tempatnya oke2 aja, tapi parkirannya ada tuiang palak nya, mobil langsung di lap2in trs minta ceban",sebulan lalu
Ismail Nagari,Aksesnya agak susah ya ke daerah perumahan.. pas kesini air terjunnya sedang surut.. dan sekarang jalan ke Curug 6 berasa lebih sempit... So far enak sih ajak anak2 untuk ngenalin mereka ke alam.. semoga makin di perbaiki fasilitas nya ya...,9 bulan lalu
Mega Selvyanti,Jalur menuju Curug sudah bagus...penunjuk jalan pun sangat jelas.,2 bulan lalu
MiMax Group,"17.8.20 hawa gak terlalu sejuk padahal dtg jam 8an. parkir+nitip helm jaket 1motor 10rb,parkir motor diatas jalan kebawa gak terlalu jauh deket bgt.Masuk 25rb/org.Foto di sepeda 25rb/org kalau ambil fotonya berupa file 5rb/foto alias gak â€¦",9 bulan lalu
arta deli,"Keren air Terjun nya, sudah di kelola dengan baik tempat wisata ini, recommended buat pencinta suasana alam",sebulan lalu
Ed Sikidua,"Pemandangan sangat Indah, bagi yg mandi di Air terjun harap berhati-hati takutnya ada batu yg jatuh bersama air terjun",5 bulan lalu
Galih Pratama,"Air terjun nyah bagus, cmn syg toiletna nyah tidak terurus kotor pdhl air nyah enak dingin",sebulan lalu
myDay YT,"Indah dan cukup bersih saya tidak melihat sampah sedikitpun, salut dah sama pengelolanya",3 bulan lalu
Sugeng Candra Kirana,"tempatnya asik,alami...murah meriah tiketnya...meski jauh tapi sepadan dgn yg dirasakan di sana",6 bulan lalu
Ayu Azizah,Mestinya ada aturan ga boleh ngerokok di wilayah itu biar semua pengunjung nyaman menghirup udara disana,sebulan lalu
Samsun Ramlie,"Pegunungan di Indonesia memang sangat mengesankan, membentang dari ujung Indonesia bagian timur hingga barat. Keindahannya tidak hanya ada di atas puncaknya saja, melainkan dengan lereng-lerengnya yang terdiri dari air terjun dan juga â€¦",setahun lalu
Saeful lah,"Mau acara apapun buat keluarga kantor arisan reunian..,pasti heppi suasana dn pesona alam yg ok banget",6 bulan lalu
Hurry Hawariyah,"ini tepat nya d Kampung Air, salah satu villa d dekat Curug Cilember..Sangat asri, d kelilingi aliran sungai dari Air Curug yg sangat jernih...Tempat yg sejuk, banyak pepohonan, dan bunyi air gemercik kombinasi yang sempurna..sungguh indah ciptaan Mu ya Allah...",3 bulan lalu
Tantri,Bagus untuk latihan traking dengan pemandangan yang bagus dan nyaman,sebulan lalu
Leony Agustien,"Tempat wisata alam yg menyenangkan buat yg suka tracking, udaranya sejuk, airnya dingin, bisa camping jg klo mau, ada outbond jg, dan permainan lain spt memanah dan sepeda gantung. Itu semua berada di lokasi curug 7. Klo kita mendaki lg â€¦",7 bulan lalu
Felix Arcan,"Villa damar nya lumayan bersih, perabotan nya lengkap, ada kompor, peralatan masak, aqua, rice cooker. Komplit..Hanya air panas nya saja keluar nya kecil, jadi lama nunggu nya.Pas kami ke sini curug nya sedang kering, debit air yg â€¦",8 bulan lalu
laybro selatan juragan,"Tempatnya sangat nyaman,viewnya ok banget,fasilitas lengkap,ada kolam renang anak dan dewasa jg,pelayanan ok...tambah lagi dekat dg wisata air terjun curug cilember.mantap banget dh...",4 bulan lalu
sang dewi,"Penjaga parkir, loket, ramah smua.Aku hanya sampe curug 7.Pas santai biskuit keju dan waper tanggo aku di rebut monyet.   Tapi lumayan lah. Enak y kesana deket.Parkir mobil 10rbMasuk per org 25rb untuk",6 bulan lalu
Lilis Nurellisa,"Lokasinya lumayan mudah di temui, tapi jalanannya ngga terlalu besar lewat2 permukiman warga. Dari lokasi parkir ke curugnya ngga terlalu jauh hanya jalan kaki sekitar 10 menitan aja, cocok banget untuk yang ngga suka jalan kaki jauh. Di â€¦",5 bulan lalu
Edy Supriyanto,"Nyaman, asri, tp semenjak pandemi covid 19 agak kurang terawat, sampah berserakan, semak belukar tumbuh liar,,,",4 bulan lalu
RANDI ARADEA,Cakep dah  Pokoknya,5 bulan lalu
Gunawan Sudarmanto,"Tempatnya tdk luas tp tertata dgn baik... kadang ad monyet2 yg turun... buat yg ingin kemping ceria bersama keluarga sarana lengkap.. toilet, mushola, bahkan warung pun dekat...",8 bulan lalu
Tamara Siregar,"Selain air terjun terdapat juga taman kupu kupu sebelum mencapai curug 7.Untuk masuk ke tempat wisata ini dikenakan biaya Rp. 25,000/pax.Saran: agar tetap ditingkatkan kebersihan dan keasrian di sekitar. Terlalu banyak fasilitas sewa tenda/tikar membuat keasrian alam menjadi berkurang, tidak bersih dan lokasi terlihat kumuh.",4 bulan lalu
Dernias Pakpahan,"Wisata air terjun, lumayan capek utk naik keatas. HatiÂ², jgn sembarang menaruh barangÂ² (sebaiknya simpan didlm tas supaya tdk terlihat) banyak monyet nakal yg suka mengambil barangÂ² kita, apalagi makanan. Temanku gak sengaja taruh botol minum diatas batu, secepat kilat diambil monyet",4 bulan lalu
Zainal Abidin,"Suasana asri,adem ,tidak jauh dr jakarta",sebulan lalu
yudi Syarif,Bagus bagetMau kemah bawa tiker.Sukur2 kebagian tempat musim libur.Spot bagusnya sudah tidak bisa d gunakanSudah d tempati tukang sewakan semuaKalau mau dapat spot  bagus bayar lgğŸ˜…ğŸ˜…ğŸ˜…,4 bulan lalu
Cahyo Cahyo,Ok jg buat keluarga.. Kasih 4 bintang dulu yaaa,sebulan lalu
Iwank Syukrillah,Asik untuk keluarga,4 bulan lalu
Efrizal Bustami,Keren.. Adem sejuk bikin seger,6 bulan lalu
Alan Wiki Priadi,"Seru, banyak wahana bermainnya juga di sini ada 7 curug.untuk dari curug yang paling bawah ke atas lumayan jauh, jika di hitung perjalanan sekitar 20 menit tanpa istirahat.sekedar saran mungkin lebih di tambahkan lagi papan informasi jalan dan tempatnya agar mempernudah pengunjung memahami area.",5 bulan lalu
Muhamad Arie Project,"Di Bogor, ada sebuah curug yang mengesankan dimana di tempat ini terdapat 7 curug yang berbeda-beda. Dengan suhu kurang lebih 18 hingga 23 derajat, membuat sobat native akan merasakan kesegaran dan kebugaran saat menghirup udara di tempat â€¦",setahun lalu
hasan sadiq,"Wisata Curug Cilember yang merupakan tempat wisata yang terdapat 7 air terjun di lokasi yang sama, hal itu yang menjadi pusat perhatian di kawasan wisata ini. Dari ke 7 air terjun tersebut biasanya yang paling sering dikunjungi adalah air â€¦",3 tahun lalu
Damar Mahesa,"Kalau ke curug 7 butuh tenaga ekstrak ğŸ˜, dan jangan bawa makanan dalam keadaan di tengteng di tangan usahakan di tas depan karena ada monyet liar yg bergerombol. Parkir motor 10rb+ nitip helm tiket masuk hari minggu 25rb perorang kalau 10 â€¦",9 bulan lalu
Dadang Sumarta,Tempat ini cocok lah untuk menyegarkan mata dan sejenak membuang kepenatan dan kejenuhan hiruk pikuk kehidupan terutama jika kita hidup tinggal dan bekerja di kota.Banyak pilihan villa di sekitarannya untuk menginap bersama keluarga.,4 bulan lalu
Ardhi Ansyah,Makin Rapih.Tapi Tolong Toilet/kamar ganti tidak di pungut uang kebersihan lagi...Karna tiket masuk 25Rb seharusnya fasilitas WC free,4 bulan lalu
CATERING TEH NENK,"Terima PESANANNASI UDUK + GORENGAN 10kNASI UDUK TELUR DADAR 12KNASI AYAM PENYET 16K+ SAYUR ASEM 20khub whatsapp 082111300906WARUNG TEH NENK, CISARUA10 menit dari curug 7 cilemberdapat dipesan di Gofood/GrabFood",5 bulan lalu
Yati Yani,"Sy sangt sukan alm apalgi tmpatny brsh dan sjuk, sangat mnyjukn hati",7 bulan lalu
rianggi ichmi,"Ke sana pas tanggal 24 Oktober 2020 kemaren, harga tiket masuk Rp 25.000;, tarif parkir motor kebetulan pas weekend Rp 10.000;. Banyak spot foto instagenik, suasana adem, sejuk, seger.",6 bulan lalu
Joko Martono,Tempat indah dan udaranya sejuk cocok untuk berlibur bersama keluarga dan kerabat,7 bulan lalu
siti munawaroh,Tempatnya nyaman buat camping..Gak terlalu dingin.. atau karna pas camping gak hujan ya..Tiket terjangkau. 70rb 2 org.. parkir motor 15rb..Fasilitas lengkap.. mushola.. toilet bersih bgt.,5 bulan lalu
Fina Agustin,Seneng banget kalo kesini.. Adem tempatnyaa.. Alhamdulillah ada tempat untuk istirahat dan piknik bareng keluarga.  Musholanya juga adem bangetttğŸ˜­ bikin pingin kesini lagi,8 bulan lalu
Dika Rinakuki,"Air terjun nya tidak terlalu besar tp cukup menyenangkan, dingin pastinya, gak rugi deh",3 bulan lalu
Dea Nuriza,"Tempat nya bagus, nyaman dan alam bangett.. suka pokoknya ğŸ‘,, ada berbagai macam wahana biasa nya suka ada monyet liar pas gitu.. untuk ke curug nya harus siap kaki soalnya untuk ke curug nya agak capek nanjak nyağŸ˜.. overall semuanya okeğŸ˜‰ğŸ‘",5 bulan lalu
Hakri Jojo,"Curugnya bagus airnya seger bener, cuma- di sayangkan masih banyak yang buang sampah sembarangan, apa lagi bungkus roko dan puntung rokok.- harusnya bikin aturan di larang merokok, supaya bisa menikmati udara alam yang sebenarnya.- rata â€¦",setahun lalu
syaiful irvan,NANYA :: klo mw kesini bsok tgl 2 januari butuh srt swab antigen ga yahh ??Trims,4 bulan lalu
poday yosamada,"sudah bagus pengelolaannya, ada banyak pilihan permainan dan fasilitas mulai dari rumah hobbit, kandang kelinci, flying fox, flying bike (semacam bersepeda di seutas tali), konservasi kupu kupu, area kemping dan vila di dalam lokasi curug, â€¦",8 bulan lalu
#wisata alam bogor#,Mantap bos may chnel.     wisata Curug bogor,seminggu lalu
Anne Nasution,Harga makanan disana berkali kali lipat..Better tanya harganya dulu berapa sblm pesen..,3 bulan lalu
Haidir Heliamasa,"Bagus, Banyak Spot Foto, Akses jalan nya Mudah",4 bulan lalu
novika suseno,saat weekend selalu rame...air terjun deras dan tinggi ..dr pintu masuk ke air terjun jalan kaki ga begitu jauh,5 bulan lalu
chris natalia,Tempat nya bagus,2 bulan lalu
ismail koem,"Harga tiket 25k/orang, parkir motor 10kCurugnya banyak asalkan kita mau melangkahkan kaki kita ke setiap curug yang ada disini.. Silahkan nikmati dan syukuri keindahan alam ini kawan tpi jangan lupa jaga alamnya agar tetap lestari. Agar â€¦",6 bulan lalu
Muhammad Alfein Miqos Hidayat,Pengen kesini lagi,5 bulan lalu
Mohammad Muhyidin Nurzaelani,Tempatnya sudah rapih dan bersih..,4 bulan lalu
Dicky A. D,"Masukan aja untuk pengelola wisata.Tolong petunjuk arah jalan ke curug 2,3,4 di perjelas lagi, sebab jika smpai di tengah perjalanan tidak ada lagi petunjuk yg mengarah langsung ke air terjun tersebut, jalan pun bercabang cabang, sehingga di khawatirkan tersesat dan kesasar ke jalur pendakian yg sudah cukup jauh ke atas.",6 bulan lalu
gorango doreri,View nya asri n menyenangkan,2 bulan lalu
Kartika Nurdian,Bagus.. adem.. wkt saya kesitu Hari senin bayarnya 25rb/org,8 bulan lalu
fadilah akbar,"Wisata air terjun yg ada di Bogor. Sesuai namanya, ada 7 curug atau air terjun di tempat ini. Tiap curug lokasinya bedaÂ² tergantung ketinggiannya. Hati-hati saat hujan jalan setapak licin. Disarankan tidak pakai sandal jepit buat menuju ke â€¦",setahun lalu
Alfath Mila,"Wah kl bahas tempat ini mah ga ada kata bosennnn,, tempat nya yahudd seri adem nyaman n sempet camping disini walaupun bukan weekend n itu cuma saya dan keluarga kecil saya yg camping tapi aman terkendali brooo..lebih yahudd lagi pas pagi â€¦",setahun lalu
doublethr3,"Trackingnya menanjak lumayan curam dan sudah diberi batu alam jadi grip untuk pijakannya cukup aman. Curugnya bagus, fasilitas umum untuk kamar mandi dan toilet sudah tersedia. Untuk makan dan minum tersedia di sekitaran curugnya",6 bulan lalu
Sukma Amin,Enak buat liburan keluarga dengan suasana alami.... bisa buka tenda di camping ground nya....,4 bulan lalu
Taufik Hidayat,"suasananya asri, cocok untuk melepas penat tidak jauh dari jakarta",sebulan lalu
achmad jufauzi,Wisata Mata bisa liat yg hijau2. Pemanasan kaki dlu si sebelum masuk curug ini. Yakin tegang si otot.,5 bulan lalu
CHAERUL KOMARA,Air terjun di kabupaten Bogor tempatnya bagus di perbukitan di jalur puncak.,5 bulan lalu
Nanang Antono,"Sungguh indah dan Mash sangat asri suasana nya sejuk dan nyaman sehingga sejauh mata memandang, banyak pepohonan segar yg menghampar serta banyak spot permainan yg menarik tuk di mainkan",6 bulan lalu
dewi Aslamah,Tenang banget disni,2 bulan lalu
Maheswari werdha,bersih cuma parkiran motor masih liar. Parkir motor 10 RB udh kayak bawa truck aja. Tiket masuk 25 rb. Kendala parkir aja sih,6 bulan lalu
BelajarJadiIbu Channel,Dari parkiran ga usah jalan jauh ke curug. Curugnya besar dan ada kolam nya. Kalo mau ke curug 6 nanjaknya cukup capek dan banyak monyet liar terus jalan nya sepi karena kebanyakan hanya di curug 7 saja.,2 tahun lalu
Noriko Tika,"nge camp di saung hawu, semalam berasa kurang. pokoknya ini jadi tempat favorit kalo mau ngabur dr hiruk pikuk jkt.",6 bulan lalu
Dian Hay,"Tempatnya nyaman dan enak buat refreshing, pelayanan ramah, parkir dan penitipan helm jg sangat terjangkau dan tdk ada pungli sama sekali... Mantul",6 bulan lalu
usef efendi,tempat yang sangat cocok untuk wisata mendinginkan otak dari kepenatan,2 minggu lalu
Danang P. Sasongko,"Waahh ini lokasinya sangat rekomen untuk melihat air terjun yang banyak. Tidak jauh dari Exit Tol Gadog, Kab. Bogor. Harga tiket masuk sangat sebanding dengan suasana di dalamnya.",2 tahun lalu
HNFZN,Lumayan lah. Cukup sejuk. Untuk perjalanan menuju curug cukup mudah.,7 bulan lalu
Eki Rizki,"Camping groundnya dekat dengan curug tujuh. Masih banyak monyet berkeliaran, jadi asyik. Ada pondokan juga di dalamnya.",5 bulan lalu
Victor Creative Studios,"Curug 7 Cilember adalah salah satu tempat wisata air terjun yang ramah bagi pengunjung, karena jarak lokasi air terjun yang tidak jauh dari pintu masuk. Cocok sekali dijadikan tempat berlibur untuk keluarga â­ï¸ğŸ‘",2 tahun lalu
Syahri Rahmadani,Seru ka curug ini. Walaupun tanjakannya terjal tapi aksesnya sudah dibuat mudah. Tapi belum ada pengaman dibagian kanan kiri kalo utk akses ke curug yang lebih tinggi. Jadi hatiÂ². Jgn pake sepatu yang licin. Karna tangganya ngga rata.,setahun lalu
Zhafran Story,"Kalau datang ke sini mending hari biasa saja supaya tidak macet dan bisa menikmati curug yang ada.. Kemarin saya ke sana 10 hari setelah lebaran, masya Allah ramainya.. Sampai gak bisa menikmati air terjunnya.. Akses masuk ke wisatanya juga â€¦",setahun lalu
Aqib EA,Curug  Cilember Atau yang Sering Disebut Curug 7 Cilember merupakan sebuah  Kawasan Wisata yang Berada di Puncak Bogor. Berada di Desa Cilember Cisarua Puncak Bogor . Kawasan Wisata air terjun ini mempunyai 7 Air terjun sekaligus yang bisa â€¦,2 tahun lalu
Rahmah Khamoon,"Aku kira ini namanya curug arab, ternyata bkan ya hhe. Soalnya bnyak tulisan pake bhsa arab dn bnyak org arab juga. Harga tiket kmren pas aku kstu 35.000. Tmpatnya emang luas ya, bnyak spot foto, bisa ngecamp. Harga mkananny jga standard â€¦",setahun lalu
Nugroho Ardhi,2 orang 1motor habis 60ribu..parkir 10ribu tiket 50ribu....gak ada pungli kaya curug2 baru lain di bogor,2 tahun lalu
heri heri,"Bener2 banyak curugnya, ini belum sampe ke semuanya udah ngos2an aj ğŸ˜…ğŸ˜…ğŸ˜­",9 bulan lalu
YoEfRaN AmRaNy,"Lokasi tdk jauh dari Bogor, udara tdk terlalu dingin tp segerrr, msh dkt dgn lokasi wisata tmn safari & tmn matahari.....",setahun lalu
tantri sevtian,"Cantik,keren,nyaman...",3 bulan lalu
Reza Baizuri,Bagus sdh terawat,6 bulan lalu
DwiYanti,"Tempatnya asiek punya, mau dateng pagi siang malem gak ada batasan... gak bawa bekal pun banyak penjual makanan dgn harga gak nembak... ada lokasi penginapan.. mau camping pun bisa, kayu bakaran tersedia di penjual dgn harha 30rb 1 ikat",setahun lalu
Sarah Melissa,Harga tiket weekend 25rb per org..parkir mobil 10 rb.perjalanan ke curung 7 kurang lbh 20 menit.. utk naik k curug 5 kurang lbh 30 mnit dari curug 7..hahaha g kuat lbh dari itu ..suasana nyaman dan sejuk..banyak tempat makan jg di â€¦,2 tahun lalu
Via Shizukaria,"Keren sih, banyak sewa villa juga. Dan gak mahal nyewa vilanya. Cukup untuk 50an orang",2 tahun lalu
Nathalie Chay,"Bagus, nyaman",3 minggu lalu
Muhammad Sofyan Ali,"Perjalanan kecurug cilember ini agak susah karena dia masuk kedalem dri jalan raya, dan jalannnya pun ga terlalu lebarHarus hati2 kalau ingin kesiniPemandangannya bagus2Air terjunnya jernihBanyak wisata lainnya bukan hanya air terjun â€¦",setahun lalu
Dwi Alvian Gani,"Cocok bangat nih tempat buat kalian yang mau liburan / ngilangin kegabutan di rumah, apalagi yang liburannya di isi cuma buat ghibahin orang wkwk. Di Curug 7 dan 5 bisa buat tempat ngecamp, kalo fav gue sih di Curug 5 lebih asik aje â€¦",setahun lalu
Nay Eza,Liburan dulu ah jangan gantang trus ğŸ™ˆğŸ˜‚,5 bulan lalu
Djoko Tribowo,Penuh Pedagang tp sepi Pengunjung Skr.... HTM mahal jadi Percuma... Taq ada yg bisa di Nikmati lagi....,7 bulan lalu
Uli Sinaga,Sayangnya jalur menuju curug terlalu kecil dan licin,sebulan lalu
bambang kristiyanto,Salah satu lokasi buat menenangkan pikiran..curugnya indah..ada beberapa curug..perlu sedikit perjuangan buat sampai keatas...,setahun lalu
Dedhy Triyo,"Curug bertingkat , udara sangat sejuk ,Tapi kurang nya keterangan dan arah panah jadi bikin agak bingung",6 bulan lalu
Mulyana,suegerrr....banget,sebulan lalu
Mohamad Handal Islami,Tempat yang enak buat wisata ga jauh dari Ibu Kota jakarta. tempat yang cukup ramai tapi masih bisa dinikmati alamnya. disini biaya masuk sekitar 20 ribu perorang. ketika masuk anda kan di sajikan dengan jalan setapak yang cukup lebar untuk â€¦,2 tahun lalu
Abdul Rohman,"Buat camp cocok, cuma curug nya kurang luas buat berenang, cuma bisa main air sambil foto2 doang",6 bulan lalu
riyan toro,Airnya dingin banget,sebulan lalu
Agung Rtiga,"Sudah banyak kemajuan jalan sudah cukup baik, fasilitas kebersihan bagus dirawat, muaholla juga bagus dan bersih...semoga lebih baik lg",6 bulan lalu
Wahyu Virnandes,Mantab buat buang penat keramaian jakarta... Lokasi hijau dingin.,4 bulan lalu
Rizki Apri,Tempat yang nyaman karena di dalam curug ini terdapat 7 curug yang indah mulai dari curug 7 sampai curug 1 tapi untuk menuju ke curug satu bnyak tantangannya harua menanjak keatas dn di perlukan pembimbing untuk menuju ke atas  karena â€¦,setahun lalu
Taufik Muhammad,Tempat yang pas buat Liburan bareng keluarga,5 bulan lalu
Bahrunbassic2 Aja,"Sip...tempat enak,,sejuk bersih. Cuma bagi yg mengunakan roda empat harus sedia receh byk,karena setiap tikungan byk pak ogah... Hayuk budayakan berwisata",setahun lalu
Rizky Giffari,Trip to Curug 7 Cilember bersama keluarga RMB - GRTJ Bekasi ...Wisata alam yg sejuk nan asri.. dengan beberapa air terjun dan juga ada kolam refleksi ikan dengan beberapa saung di setiap curugnya..,2 tahun lalu
Muhamad Edo Lesmana,Hunting poto sekalian jalan jalan mantep si buat koleksi feed ig,5 bulan lalu
Tri Mulyono,"Udara,Suasana lingkungan,pemandangan cukup nyaman untuk kita refreshing dan lokasi tdk terlalu jauh,silahkan di kunjungi",2 tahun lalu
buchori_ bird,"Tempat nya bagus ,, akses mudah ,, recomended",3 bulan lalu
aris sengke,Curug ci lember luar biasa ğŸ‘ğŸ‘ğŸ‘ banyak bonus trek nya,6 bulan lalu
Hage,Liburan,4 hari lalu
dewy kho,Salah satu tempat rekreasi keluarga yang sangat di rekomendasikan.keindahan alam dan air terjun yang cantik,setahun lalu
Trisnanto Yuono,"Tempat wisata air terjun yang indah, suasana hutan pinusnya dapat dan secara keseluruhan kondisinya bersih. Warung2 tertatat rapih, tersedia area camping juga. Banyak permainan di sekitar curug 7, cocok juga untuk anak2. Jika kuat boleh dicoba ke curug 5 dan curug lainnya. Dijamin gempor lututnya..:) T.O.P",setahun lalu
Dani jebong,Air nya dingin banget huhu,5 bulan lalu
Mohamad Nuralim,Disarankan datang kesini menggunakan kendaraan pribadi roda dua. Dikarenakan lebar jalannya hanya muat 2 motor. Selain itu rutenya menanjak dan berbatu. Saya sendiri melewati rute ke curug ini jatuh beberapa kali. Hehe..Sampai di pintu â€¦,2 tahun lalu
Robi Busolli,"Bagus tempatnya,,, cuman jalan menuju curug berbatuan berlumut hati hati",4 bulan lalu
CV. Barokah Maun Bayid suplier air pegunungan,Tempat nya yg sangat alami. dan udara yg sejuk tnpa ada polusi membuat sya betah untuk tinggal di area itu.,2 tahun lalu
Taufik Anwar,Harga masuknya 25 rb buat dewasa. Lumayan juga naeknya ke curug 7. Untungnya banyak titik tempat duduk buat kita istirahat sejenak.,8 bulan lalu
Firdaus Rachmat RR,"tempatnya bagus dan asri,lebih enak skalian camping jika berkunjung ke sini,hitung2 istirahat setelah menjelajah lokasi,untuk yg membawa makanan harus agak hati2 krn masih banyak kera liar di sini yg suka merebut makanan pengunjung,akses â€¦",setahun lalu
Darajat Akrom,"Pengalaman menjelajah hutan dan alam yang sangat asri, udaranya segar airnya jernih,,banyak wahana-wahana lainnya seperti panahan, taman kupu-kupu, outbound, flying fox dan pastinya Air Terjun cilembernya.. tempatnya rame apalagi di liburan â€¦",setahun lalu
hendri gunawan,Percuma ada Kontak.....telpon 20x-100x gaad respon....pusat informasi kurang ğŸ‘,7 bulan lalu
Palul channel,"selain alamnya sejuk, air terjunnya ada 7. adajuga tempat bermain untuk anak anak maupun dewasa. ada taman kupu kupu juga loh.",setahun lalu
ShamMind - The Art Of SUWUNG,"Lumayan bagus tempatnya,Nyaman, cocok untuk wisata bersama keluarga atau pasangan..",setahun lalu
anas nasiri,hebattt mantulll wisata alam dengan penuh lestari,5 bulan lalu
daniel jonathan,"Waaws..tempatnya sangat asri..lokasi tidak jauh dari jakarta,,terletak di cisarua..fasilitas lengkap,,selain air terjun ada tempat buat kemah,spot swa foto,permainan outbound...dan penangkaran kupu kupu..bagi pecinta kuliner tersedia banyak pilihan makanan krn bnyak kios penjual makanan..",setahun lalu
Diaz Pramana,"Mendaki dahulu, berenang kemudian ğŸ˜‚ğŸ˜‚",2 bulan lalu
Bagus Nugroho,Mantab pkoknya,sebulan lalu
channel nurul,"Curug cilember jd rekomndasi wisata yg cocok buat keluarga dan pasangan muda mudi..Jlan dr parkiran menuju curug cukup jauh tp tidak melelahkan krna byak spot yg bisa dkunjungi,. Ada spot untuk berfoto dgn bunga2, fto gaya ala indian, â€¦",setahun lalu
RIZAR XD,"Curug yang terdiri dari 7 air terjun, dengan lahan yang lumayan luas. Masing-masing air terjun berjarak lumayan jauh. Siapkan fisik jika mau ke curug ini, karena jalanannya lumayan curam. Di curug ini juga tersedia aneka wahana, seperti wahana edukasi,taman kupu-kupu, aneka wahana out bond juga ada di sini.",2 tahun lalu
Uiz Muhammad,Keren bagus,sebulan lalu
Asep Mulyana,Suasananya sangat asri. Udara segar.,5 bulan lalu
Erikha ai,Dulu bagus bgt. Skrg sejak corona ini bnyak yg gak terurus wahana dan spot fotonya,6 bulan lalu
ruben gotlif aunisuni,"Airnya bersih, udaranya segar, lingkungan bersih dan nyamanğŸ‘ğŸ¼ğŸ‘ğŸ¼ğŸ‘ğŸ¼ğŸ‘ğŸ¼",sebulan lalu
fahri chanel,Tempat nya sejuk .bersih . pemandangan yg indah.,3 bulan lalu
Irwan Irwan,Menjadi kisah di cerita kami... terimakasih ğŸ™ğŸ‘ğŸ•ºğŸ‘ğŸ‘,10 bulan lalu
Bossquida Delly,Kurang Kopi Di air terjun nya,sebulan lalu
Drian S,"Jalan menuju ke sini sempit banget, jadinya sering macet ga jelas karena 2 mobil ketemuan. Untuk parkiran banyak yg menyediakan walaupun harga pun mahal. Untuk tiket masuk 25 ribu. Dan trekingnya sudah bagus, ada aspal dan batu2an. â€¦",setahun lalu
Heri Bambang,Cukup bagus...apalagi kalau ditambah koleksi bunga atau pohon yg didisplay untuk edukasi,6 bulan lalu
syarofi rofy,Bagus tempatnyaCuman sayangnya d pas mau masuk k gang yg arah k curuknya g ada papan namanya./ papan namanya kuarang jelas,2 tahun lalu
Purnawati Yudha,"Slh satu destinasi wisata alam yaitu curug 7 cilember yg menyuguhkan keindahan alam yg asri,tempatnya adem airnya dingin jg sejuk.disini jg menyediakan fasilitas utk camping trek menuju jurug ini menanjak kudu kuat fisik mesti lelah klo â€¦",2 tahun lalu
Flugor Tetuko,"boleh lah nih tempat wisatanya..bagi yg kuat mendaki disarankan untuk sampe ke curug 4,3,2 atau sampe curug 1 (pertama)..yg mau reflexy ikan juga bisa..gratisan juga..waktu digigitin ikan rasanya kaya kaki lagi kesemutan..seru lah..",3 tahun lalu
boru_juntak,"tempat wisata yg murah meriah dgn keindahan alam yang luar biasa, akses curug pun mudah di lalui.. hanya saja hrs sedikit berhati2 pada jalur tanjakan menuju curug ini.",2 tahun lalu
Okky Oktaviandi Tuahuns,Parkirnya mahal,sebulan lalu
Bagus Setyo,Kawasan wisata air terjun ini akan menjadi kawasan wisata yang paling menantang bagi para pengunjung karena terdapat tujuh buah air terjun yang bisa dinikmati dalam satu kawasan sekaligus.Setiap pengunjung bisa mencoba tantangan dikawasan wisata ini karena setiap air terjun memiliki tingkat kesulitan yang berbeda disetiap levelnya.,2 tahun lalu
Suhendy Hasanudin,"Suasana pegunungan yg bikin kangen..sejuk banget, bagus waterfallnya..cocok untuk liburan bareng keluarga besar, penyewaan vila relatif murah, ada fasilitas air hangat,dapur dan toilet yg bersih",setahun lalu
Starbugs Ice Bubble,Airnya kotor ya.. Tapi alhamdulillah seru ngajak anakÂ² ksini.. Pengalaman baru buat mereka.,8 bulan lalu
Siti Rusnawati,"Indah,sejuk,rindang dan bikin betah..Selalu ramai pengunjung dari lokal dan warga asing juga..",2 tahun lalu
Zildan Rasendria,Asyik sekali buat wisat...Lumayan buat refresing otak yg penat,9 bulan lalu
Mochammad Ravi Zidan Alfizar,"Kemari hari Minggu, jadi waktu agak ramai memang. Tiket masuk 15 ribu, dengan kondisi lokasi yang sangat-sangat terawat. Saran saya mending kesini pagi untuk menghindari hujan yang biasanya terjadi di siang hari. Ada 7 tingkat curug, tapi â€¦",2 tahun lalu
Ibun Dewa,Manteb jiwa bt holiday klrg,5 bulan lalu
Muhammad Reza Akbar S Tr Par,Tempatnya bagus.  Cocok untuk menghilangkan stress karena pekerjaan. Nuansa sangat alami dan natural tidak banyak disentuh tangan tangan manusia. Wajib datang kesini untuk liburan bersama keluarga kerabat dan pasangan,3 tahun lalu
Fadhilah Nurfiati,"Tempat yang nyaman, tetapi terlalu ramai pengunjung, jika misalkan ingin mendapatkan benar-benar back to nature akan baik jika datang pagi. Karena suasana nya benar-benar segar. Ini wajib kalian coba.",9 bulan lalu
Rosyid Putra Maharta,Dateng pagi aja biar ky private waterfall ğŸ¤£,5 bulan lalu
Ncep S Setiawan,"Jauh2 dr jakarta pas nyampe cuma liat aer jatoh, pinggang pegel lagi... :DTrus, jalan menuju kesananya sempiiit... Harus sabar jika berpapasan dgn kendaraan didepan.Tapi gpp lah semua terbayar stlh dapat ""view""nya yg lumayan bagus.",2 tahun lalu
eko yulianto,"Keran, masih banyak monyet nya",sebulan lalu
Mohammad Giffari,"Tiket 25 per orang, cukup luas",7 bulan lalu
Ronih,Lumayan tapi tarip masuk terlalu mahal. Kalo 10rb oke lah,5 bulan lalu
Said Ardi,"Dengan harga tiket masuk Rp25.000 per orang untuk wisatawan nusantara.Saat ini sudah mulai tertata untuk parkir, tarif parkir motor Rp10.000 (entah tarif normal atau tidak karena tidak ada karcis)Wisatawan akan dapat melihat alam â€¦",setahun lalu
Herman S,"Bagus indah dan madih alami,cuma sayang tempat parkir kurang luas",6 bulan lalu
Rahadian r,"Alam sekitar bagus, harusnya fasilitas bisa lebih baik.",5 bulan lalu
Eko Shethyaone,Tempatnya sejuk dan disuguhkan dengan pemandangan alam yang masih bernuansa alami. Dari curug 7 sampai naik ke curug 5 saja sudah membuat saya lelah. Tapi mantap untuk yang suka berpetualang di wisata alam yang menantang.,3 tahun lalu
sam cell,"Tempatnya alami, sejuk, namun jalan menuju lokasi lumayanan curam, hati"" buat berkendara, kendaraan kurang fit alias ngeden baiknya jangan kesana bahaya...",9 bulan lalu
Edi Suriadi,Curug 5 lumayan indah tapi kurang petunjuk arahnya dan masih perlu perbaikan,setahun lalu
annisa nur Hanifah,"Curug Cilember salah satu curug favorit!! Selain karena view nya, sarana prasarana serta fasilitas nya sudah bagus banget. Biaya masuk 25.000 (weekend) worth it sama yang didapat. Harga makanan nya cukup murah untuk di kawasan wisata, saya â€¦",2 tahun lalu
yudi setiawan,"curugnya bagus banget, airnya dingin, mitosnya membuat awet muda, tiket masuknya Rp 25.000. Pas dicurugnya kalau bawa makanan hati-hati banyak monyet liar.",setahun lalu
Sofyan Taslim,Akses ke lokasi sudah jalan beton. Tiket masuk 25 ribu rupiah. Fasilitas cukup lengkap banyak permainan outbond tapi bayar ditiap permainannya.,setahun lalu
Fahmy Adhitya,Setiap pengunjung juga bisa mencoba tantangan di kawasan wisata ini karena setiap air terjun memiliki tingkat kesulitan yang berbeda di setiap levelnya. Curug Cilember 7 merupakan air terjun yang paling mudah untuk dicapai. Semakin kecil â€¦,3 tahun lalu
ikashop04 ika,Bagus tempatnya  tp syg jlnan batunya kudu dirapihin lagi byr tidak ada yg tergelincir,7 bulan lalu
Julia Juliapersesos,Akses untuk mobil aga smpit,2 bulan lalu
Ifanali Iha,"Di sini ada rumah hobit, bisa untuk foto-foto ala-ala the hobit, ada tempat taman kupu-kupu, dan yang pasti curug. Curug pertama gak jauh dari pintu masuk, tapi di sini paling rame karena yang paling deket, jalan ke curug 1 juga udah sangat â€¦",2 tahun lalu
Indah Tifaningrum,Suasananya adem dingin karna memang di perbukitan. harga tiket masuknya terjangkau untuk roda dua pemandangannya apalagi sudah disediakan peta biar ga nyasar banyak spot buat foto yang cakep. Tapi makanannya mahal kalo mau murah ya bawa â€¦,2 tahun lalu
Sardi Riansyah,"Seputaran curug 7 ada villa disewakan dn kalo mau menikmati alam ya bawa tenda camping,,tersedia juga penyewaan tenda",setahun lalu
Ayu Pratiwi,Tiket masuk terlalu mahal kalau pas masuk ditiap wahana nya bayar lagi. Tempat kurang terawat.,8 bulan lalu
bayu Saputra,Tempat okelah buat keluarga cuma lokasinya agak sulit d cari om,setahun lalu
Fatkur Rochim,"Back to nature. Cocok buat pilihan melepas penat dari aktivitas sehari-hari karena udara yang bersih dan suasana asri. Terdapat objek wisata air terjun, penginapan dan area camping. Banyak terdapat penjual makanan dan minuman di dalam â€¦",2 tahun lalu
SeptianJod,"Tempatnya tdk membosankan, design classic nan alami, bnyk tempat sampah dan di pilah bahan organik dan non tapi mash saja pengunjung buang sampah sembarangan, ada hewan liar seperti monyet berkeliling di pohon serasa di hutan, ad rumah â€¦",3 tahun lalu
Diana S,"Paket komplit plittt.. ada air terjun, camping ground, outbond, dan banyak spot foto menarikğŸ‘",setahun lalu
BEN'S HOLIC_25,Bagus tempatnya..akses dari parkir motor/mobil gak jauh...terjangkau..cuma fasilitas bermain untuk anak masih sedikit,2 tahun lalu
muhamad irpan,"Pemandangan indah, udara sejuk dan dingin, selalu ramai pengunjung, fasilitas lengkap",setahun lalu
gie,"Sangat indah, bersih dan nyaman... Harga sangat bersahat",5 bulan lalu
dian mardyani rajab,recommended curug dgn Jalan raya puncak.mantap,5 hari lalu
Ikhwanul Hakim,"Wisata yang menyenangkan saya ke sini naik motor jalannya naik turun , dari parkiran ke curug jalan kaki menanjak sekitar 1 km . Banyak permainan spt flaying fox , sepeda gantung , dll",2 tahun lalu
aji Massaid,Naiknya berat.. tp setelah sampai pecah dah kecapeannya di hadapan ada air terjun yg mantap dah..,setahun lalu
Yuha Sbu2,"Pemandanganya sangat bagus dan penuh kesejukan,, bnyak wahana permainan dan edukasi tentang  alam, yg utama biayanya pas di kantong",setahun lalu
Obie Savana,Semoga tetap terjaga keasrianya walaupun sekarang ini banyak turis-turis yang berdatangan ke Curug Cilember,setahun lalu
Intan Febrina Wulandini,Tempatnya kereeennnn.....recommended buat yg suka tantangan....terlebih untuk anak muda..,2 tahun lalu
Waluyo Ajach,Tempat nya enak buat acara Rihlah atau Tadabur Alam,2 tahun lalu
MOMIKA SHOP,"Tempatnya bagus tp macet parah kemarin, gara2 salah jalan. Niatnya pengin nerobos malah lewat jalan yg ngerii",2 tahun lalu
Riinaa Naa Ruslan,Suka banget dgn wisata ini udara y sejuk nyaman untk liburan dgn keluarga,setahun lalu
dwi oktapiyah,"Hallo semua! Kali ini saya akan merekomendasikan lagi nih tempat wisata yg dijamin seru dan Murmer, yappp Curug 7 Cilember. Buat yg takut kakinya sakit tenang ga terlalu jauh kok , disini Murmer banget untuk parkiran cuma 10.000 dan â€¦",2 tahun lalu
Zidan alvian syahputra,Tempat favorit,2 bulan lalu
andi mulyono,"Tempat nya oke, namun untuk parkiran harga nya kurang bersahabat. Makanan dan minuman diatas standar.",2 tahun lalu
Muhammad Ikhsan Sanusi,"Untuk refreshing dan olahraga tempatnya seru asik, harga tiket masuk 25k weekend, bayar parkir 10k, awalnya ngerasa takut rame padahal udah kebeberapa curug masih sepi, ada terapi ikan free, cuman sayangnya beli snack atau minum harganya â€¦",2 tahun lalu
Arif Fauzi Calvert,Mantap mantap,2 bulan lalu
Tanjung Purwoadi,Lokasi wisata air terjun di atas puncak bogor lokasi masih lumayan mudah dijangkau kendaraan roda 4,setahun lalu
DinaDivokta,"Mantap buat latihan fisik bareng anak-anak silat, kami naik tanpa menggunakan alas kaki, fasilitas ok, petunjuk arah jelas dengan 3 bahasa, indonesia, arab dan inggris.",2 tahun lalu
Oji Fathan,"Air terjun cukup dekat, mudah di jangkau banyak warung dengan nuansa arab.",setahun lalu
Hafidh Adityo,Adem...,sebulan lalu
Azhar Annas,"mantap lelah. harga tiket 20k, parkir 10kcocok buat anak2. camp ceria. taman kupu2, dll. bnyak ruko jual makanan sampai pijat.curug cukup jauh 2 jam otw pp dari curug 7 sampai curug 2. tp seruhati2 jika keadaan hujan cukup licin.",2 tahun lalu
Alatas TV,"Banyak local guide bilang udah buka, nyata nya belum dibuka.. masih di tutup. Sudah sampai dilokasi ternyata ditutup di pintu utama.. hadehhh",10 bulan lalu
VPM_TV,Tempat yg Masih Asri dan cocok untuk camping disini.,setahun lalu
Dian Chrisniar,"Curug 7 Cilember, letaknya di dalam pemukiman warga, dari jalan raya puncak (pas di belokan pertama) adalah kurang lebih 30 menit (naik mobil) untuk sampai ke sini. Curugnya ada 7, tapi jarak antar curugnya lumayan jauh (katanya). Jadi, â€¦",2 tahun lalu
FARHAN SAPUTRA,"Tempat wisata yg recomended bngt, pemandangan nya masih bagus, terdapat taman kupu-kupu, warung makan, mushola, camp, tempat santai dan perjual pernak-pernik bisa buat buah tangan. Banyak turis asing timur tengah dll.",3 tahun lalu
AMIR ELECTRA,"Sayamah suka aja udah kalo udh ketemu air terjun, untuk sampai ke tujuan lumayan bikin kaki pegel dan bdan mandi kringet ğŸ˜ kalo ngajak temen yang agak gemuk kadang suka kasian liatnya, engap banget tu kalo udh nanjak nanjak ..",2 tahun lalu
Triya Hadi Susanto,Tempat yg sejuk...cocok untuk refreshing keluarga...akses jalannya sempit tapi msih bisa dilewati mobil...wajib di coba kalau ke puncak bogor.,2 tahun lalu
Taqarrub Ilallah,Tempatnya sudah ter konservasi dengan baik dan rapih ğŸ˜†ğŸ‘ğŸ»,5 bulan lalu
Hadi Wijaya,"Tempatnya nyaman, udaranya segar bs buat terapi bagi penerita gangguan pnyakit jantung",setahun lalu
M16Yuusuf,Tempat yang indah ğŸ‘ Banyak turis timur tengah juga ğŸ˜… So banyak tulisan bahasa Arab ny ğŸ˜,2 tahun lalu
Bie Chiangs,Bayar masuk nya nggak bikin kantong jebol. Di dalam juga banyak tempat yang amazing.,2 tahun lalu
Munti Rosmini,"Waaahh,,,,asyeeek bangeet dah tempat nya,,,walaupun cape, ngos2 an untuk mencapai curug 5 cilember yg lumayan medan nya,,,tp semua terbayar setelah sampai ke atas.Buat yg suka petualang hrz kesana dl deh.Recommended deh yaak,,,",3 tahun lalu
Gilank Wijaya,Tempat nyang bagus Dan nyaman,sebulan lalu
Chamars 2000,"Sebuah tempat yang menawarkan keindahan alam yang memang menjadi salah satu lokasi wajib dikunjungi, dan pengelola terlihat memperhatikan kenyamanan pengunjung, hal ini terlihat dr kebersihan lokasi dan parkiran kendaraan yg tertata..",4 tahun lalu
ghondhil channel,Good lah pokonya,3 bulan lalu
Hardi Man,Dinginnnnnnnn.....,3 bulan lalu
teddy setiady,Bagus dan bersih,5 bulan lalu
ale comel,Pas kesana sedang hujan tapi tetep menyenangkan dan keren lah.,5 bulan lalu
Tommy Wijaya,Curug yg berada di megamendung cisarua...tidak terlalu jauh jalan kaki dari parkiran ke curugnya.,3 tahun lalu
Umi Kulsum,Seru pokoknya tempat.. Jadi pengen kesitu lagi,setahun lalu
hent 28,Like banget pokokny cuman gara2 saya dan teman2 kesana pas libur lebaran jdi kurang puas nyampenya juga jm 2 jdi cumam main 2 jam doang,setahun lalu
MAS SUTOPO PURNOMO.,Tempatnya masih alami hanya jalannya seram menanjak sangat terjal hati2 bila kendaraan ga fit.,setahun lalu
Tutik Handayani,Indah pemandangannya dan air terjunnya keren bgttt...,setahun lalu
Yusuf Anung,"Tempat wisata alam yg sangat indah,sejuk,segar,air terjunnya cukup keren,jernih ,ada 7 bh air terjunnya,kita bisa telusuri dg mendaki gunung nya, sangat cocok untuk camping,ada penginapan milik Perhutani harga sewanya cukup mahal 1 Jt an â€¦",3 tahun lalu
Verdy Imandaguna,"Sungguh ciamik air terjunnya, kalian harus kesini, lumayan laah sedikit tantangannya",2 tahun lalu
charles prawono,Adem dan seger,6 bulan lalu
Esrani Panjaitan,"Pengalaman buruk, kapok gak mau kesini lagi masuk 22ribu parkir 15ribu mau keluar dipalak 10rbu. Waktu masuk gak ada yg bagus di dalam spot foto love bayar. Kurang berkesan bgt kesini",2 tahun lalu
Muhammad Said,Fisik harus kuat untuk naik ke curuq yg berikutnya,2 tahun lalu
Rateen Aep,"Airnya lagi surut, kalo udh agak sore byk monyet turun gunung ğŸ˜ğŸ˜",8 bulan lalu
Abdul Manaf,Tempat ya ok....,5 bulan lalu
Budi Yono,indah dan sejuk....kabutnya ajib,2 bulan lalu
"Dian Abdul Su'ud,SpdI",Sementara ini belum dibuka untuk umum krn ada pandemi Covid 19,10 bulan lalu
Andriyue Valentino,"Sampaikan kepada semua, buang sampah pada tempatnya.",6 bulan lalu
Fernanda,"Lumayan buat refreshing, tracking ke curug juga udah bagus, yg hobby camping ada penyewaan tenda,",2 tahun lalu
Renie Kumalasari,"Banyak pungli, tidak cocok untuk anak2, jalan ke air terjun jauh, di sungainya banyak sampah, mainan anak2 tidak terawat, kotor dan usang",8 bulan lalu
Ratna Pratiwi,"Pengalaman yg menyenangkan sekaligus melelahkan di sini. Tapi, sangat bagus untuk menikmati keindahan alam yg alami.",2 tahun lalu
Liliek Wahyu,Masih tetap indah,5 bulan lalu
Agus Medianto,Cocok buat yg nyari tempat main air yg adem  ada banyak curug,3 tahun lalu
Kuntum Khaira Ummah,"Kecewa saya dan keluarga sudah jauh-jauh datang, tapi ternyata masih tutup padahal di website nya buka:(",10 bulan lalu
Giri Kartono,"#LetsGuideDisini ada 7 air terjun dan dihitung dari posisi yang paling atas lebih duluan, jadi paling atas itu Curug Peetama, dan yang paling bawah berarti Curug ke 7. Semakin kecil angkanya semakin keatas dan semakin sulit dijangkau. Pada â€¦",3 tahun lalu
Budi Irawan,"Tempat nya sejuk, View nya luar biasa !!untuk yg gw kuat Naik, cukup di Curug 5 saja",2 tahun lalu
Farhanpraw,"Ga menyesal jauh2 kesini, jalur kesini melewati jalur puncak, kalo tidak salah tiket masuk 35k, parkir motor dan helm 10k, Dan keperluan pribadi secukupnya kalian, ada perkemahan, ada hutan, ada Curug dan air terjunnya.",2 tahun lalu
Siti Sumarni,Keren dingin,4 bulan lalu
Prayogo PH,seru banget lebih enak naik motor daripada mobil,5 bulan lalu
subkhan sofyan,"Curug di bogor,dilengkapi camping ground...paling ujung ada curug 2.track nya sulit tapi percayalah air terjunnya mantab...",setahun lalu
Rizky Bp,"Tempat bagus... Jarak curug 7 ke 1 sekitar 1,5 jam pemandangan bagus... Dan jalannya cukup menantang",2 tahun lalu
NGAPAK berklintung,"Tempat yang paling cocok buat explorer,Sebenernya masih banyak curug dikawasan ini,tapi karna waktu ga memungkinkan,kita cuma bisa mengeksplor 2 dri 7 curug dikawasan ini,",4 tahun lalu
Nurul Dwi Larasati,Datang ke Curug Cilember pas libur Lebaran. Wagelaseeehhhhh ramai banget! Sampai bingung mau duduk dimana karena sudah ditempati banyak orang. Air terjunnya juga banyak dikerumuni orang buat selfie-wefie.Tapi gue nggak sempet mandi atau â€¦,setahun lalu
Muhammad alfi fauzi,Tempat wisata yang sangat nyaman dan relatif ekonomis. Cocok untuk keluarga,6 bulan lalu
Faronasa Vernando Mendrofa,Tempatnya bagus,3 bulan lalu
Firda Rezer,Edukasi yg bagus bagi anak untuk mengenal alam,2 tahun lalu
Billa Suarez,"Pemandangan alamnya mantap banget,kalau mau ke sini harus extra hati hati ya ,karna jalannya menanjak dan berbelok belok",2 tahun lalu
Robby Robman,Hati hati dingin dan keren untuk mandi juga enak. Romantic lah,3 tahun lalu
Helmy Agustina,Asik tempatnya ih.,3 tahun lalu
Siti Nurhayati,Tempat nya bagus,2 tahun lalu
Ridho Dewi Andina,"Tempatnya bagus, tidak ada pungli dr desa. Tiket masuk 22k perorang. Ada taman kupukupu, taman cinta (exclude), sepeda gantung (exclude) dan rumah hobbit for kid (exclude)",2 tahun lalu
Yamini Yami,Mantep banget..... Buat kemah jg bagus....Nuansa alam yg mantep banget,setahun lalu
yunan morfosis,"Suasana yang sejuk dan asri saat memasuki kawasan ini, dikelilingi dengan banyak spot foto buatan maupun spot foto alam, namun harga tiket yang relatif mahal untuk wisata air tejun",setahun lalu
Vint,Jalan menuju Curug 7 Cilember....sempit cuma muat 1 mobil seperti sedan... Sedang di dalam area wisata sekarang sudah banyak bangunan warung  di sekitar jalan setapak.....    Tapi suasana pegunungan tetap terasa....,2 tahun lalu
Didon Ajje,Kalo lagi sepi bagus buat foto ğŸ‘ğŸ‘ğŸ‘,4 bulan lalu
Dee Kei,"Sejauh ini kalau mau camping di sekitaran Cisarua masih cilember tujuannya... Saya lihat sudah ada beberapa perbaikan dari pengelola. Dulu setiap masuk toilet harus bayar, dan mungkin di sekitaran curug 7 perlu ditambah lagi fasilitas â€¦",3 tahun lalu
Ahmed Zamal,Ajib juga trek nya,6 bulan lalu
Febri Aming,"Villa Kampung Air di pintu masuk Curug Cilember ini nyaman sekali, tempatnya bagus, sangat asri penuh dengan pepohonan.",2 tahun lalu
rismha che,"Jarak dari pintu masuk ke curug 7 tidak jauh, di sediakan aneka permainan dan toilet serta ruang ganti yg bersih,, yg pasti sejuk dan dingin sekali,, wkwkwk",setahun lalu
sartika izzati,"Bagus dan lumayan terawat, biaya masuknya sekarang 25rb perorang. Akses ke air terjunnya juga ga susah.",setahun lalu
Suci Purnama,Keren bangett ni...walaupun prjalanan panjang dan terjal..tpi puas,2 tahun lalu
MuhammadAdy Nugroho,Indah tempatnya,3 bulan lalu
Daneo christian,Curug yg terdekat dengan Jakarta...  Ada area camping nya.. ada taman kupu2.. suasana enak.. banyak turis Arab nya.. hampir yg dagang dsana kalo bikin menu pake bahasa Arab...,3 tahun lalu
bunda Fia,"Pemandangan alam air terjun, bisa untuk camping didalam, ada taman kupu-kupu, dll.",2 tahun lalu
Mang Judin,Mantap dinginnya,4 bulan lalu
asep sumantri,Masih alami,setahun lalu
Yeni Lisyani,Tempatnya Indah walaupun jlnnya berbatu2 tapi sungguh keajaiban Alam yg sungguh menakjubkan,6 bulan lalu
Didik D jayan,"Permisi yaa klo kmn"" ...",5 bulan lalu
Dadan Wardana,Tempat nya mendaki..,5 bulan lalu
Yudisthira Ibnu Prawira,"Tempatnya tidak terlalu jauh dari keluar tol namun jalan masuknya harus teliti karena gang kecil, pemandangannya indah dan asri ada terapi ikan dan taman kupu kupu, tanjakannya lumayan terjal sehingga agak melelahkan namun terbayar oleh indahnya air terjun di tujuan, manajemen parkir kurang rapih terutama untuk sepeda motor.",3 tahun lalu
Anies Heriyanto,Jalan munuju tempat wisata ini agak sempit tapi sesampai di lokasi lahan parkir luas. Udara nya sangat sejuk dan segar. Tiket masuk nya murah. Ada 7 air terjun yang lokasi nya terpisah. Jalan setapak menuju lokasi air terjun pertama cukup â€¦,4 tahun lalu
samsiah samsiah,Banyak monyet yang berkeliaran sampai makanan saya diambil,5 bulan lalu
yogie zetta,Salah satu wisata alam dipuncak Bogor ..cocok buat yg suka rfreshingg yang tiap harinya sibuk bekerja ..cocok buat alternatif ..refsresh pikiran..ga terlalu jauh dari jalan raya..selain itu banyak wahana lain seperti outbound & lainnya..cocok juga untuk anak2,setahun lalu
Markus Sanarko,Hati-hati banyak pacet (lintah).,3 tahun lalu
Arifman,"Jarak antar Curug lumayan jauh dan bikin anda ngos-ngosan, tempat nya indah, parkiran juga lumayan luas. Cuman saya rasa air terjunnya tidak tinggi.",setahun lalu
Pipit Rani,"disini lebih dominan para turis dari timur tengah gitu, untuk di curug 7 ini adalah curug paling dekat dan curug yang pertama yang kalian temui setelah pintu masuk",setahun lalu
Ryan Kurniawan,ğ‘ªğ’–ğ’“ğ’–ğ’ˆ ğ’ğ’šğ’‚ ğ’…ğ’Š ğ’‚ğ’•ğ’‚ğ’”,8 bulan lalu
faishal Z,"Curug cilember,  curug dengan ketinggian hingga 7x, bagus dan indah,  cocok buat liburan dengan pemandangan gunung dan curug",setahun lalu
Kuro Nega,"Tempat nya bagus,, cukup tertata rapih,, cuma untuk toilet nya masih harus di rapihkan lagi,, dan penambahan penunjuk arah ke setiap curug agar lebih di perjelas lagi.,",2 tahun lalu
Fajar Iqbal,Tempat yg nyaman untuk camping keluarga,2 bulan lalu
Tresna Ramadhan,"Buat destinasi touring enak bgt, air terjunny jernih bgt bisa langsung diminum ğŸ‘",2 tahun lalu
Rofvy Ardiansyah,"pegel, banyak alay buang sampah sembarangan.  sejuk sangat",2 tahun lalu
Etika Nurrohmah,Baguss.. Adeem.. Jalannya juga gak cape karena gak nanjak banget..,6 bulan lalu
Alfiah Wahyu,Very recommended untuk kalian yang suka bgt petualang dan ingin menikmati udara segar. Suntuk sama kerjaan? Sekolah? Ingin liburan? Gausah jauh jauh bisa kesini kokk! dan untuk tiket masuknya juga terjangkauğŸ˜Š,3 tahun lalu
asep junaedi,wisata recomended. tpi jgn datang pas hari2 besar gk puas fto2,2 tahun lalu
Junaidi edi,sangat indah sekali,6 bulan lalu
Inan Inan,Aga lemot,4 bulan lalu
NR Channel,"Bagus, cuma cuaca kurang mendukung",4 bulan lalu
Nur Raini,Bagus,2 bulan lalu
Ahmad Aini,"Sagat baik ,tempat y dan nyaman untuk rehad sekeluaga",6 bulan lalu
Bahy Helmi H P,"jarak antar curug cukup jauh, fasilitas toilet yang bagus juga hanya di curug terbawah (curug 7), biaya masuk 25rb / orang. utk yg gak suka hiking mungkin akan kurang worth ir",2 tahun lalu
adam salim,Perjalanan menggunakan kendaraan roda 4 perlu ekstra hati hati akses menuju ke lokasi harus saling bergantian. Klo lagi papasan dengan mobil lain. Perlu di waspadai pas masuk ke lokasi tanjakan sangat tajam.... Klo pas kedalam tempatnya asik. Dan harus berstamina juga untuk mengeksplor semua curug alias air terjun,2 tahun lalu
Ahmadillah ahmadillah,"Mantap perjalannya tp sayang masuknya 20k tp tidak ada tempat berteduh (kecuali yg berbayar ada) kalau hujan, yaah tuk mengingatkan aja bahwa bogor kota hujan",3 tahun lalu
Achmad Ludfi,Udara nya segar ada lokasi camping dan fish teraphy,3 tahun lalu
rezapahlevi pahlevireza,"Bagus, enak",5 bulan lalu
Abdul Yasin,Tempat yg enak untuk yg suka treveling banyak curugnya,4 bulan lalu
Pratama,Butuh perjuangan buat kesini curug paling atas ğŸ˜‚ jd anak hiking dadakan,3 tahun lalu
yOGie,Bagus sihh tp klo hari libur ini lokasi rame bgt kayak pasar kaget...hehehe,2 tahun lalu
bonny angila,maen aer,4 bulan lalu
Yayat Supriatna,Indahnya ciptaan yang maha kuasa,5 bulan lalu
Muhamad Erwin,"Tempatnya cocok buat wisata air terjun, udaranya sejuk, dingin.Curugnya bagus.Akses jalur menuju curug 5 sampai curug 1 cukup terjal. Diharapkan untuk berhati hati.",3 tahun lalu
adam m Destriawan,Biaya masuk nya mahal 25rb per perorang,2 tahun lalu
Wira Jr,"Wisata Alam Dengan Pemandangan Yang Indah,, Bisa Menguji Fisik Serta Stamina Dan Sudah Banyak Perubahan..",setahun lalu
Wahid edu,Seugerr menantang,5 bulan lalu
Rizie Nitinegoro,"klo mw ksni lbih baik naik kendaraan pribadi krna bus ga bisa masuk, dan yg paling unik klo kita ke tempat ini kita bakal ngeliat bgtu bnyak org"" Arab dsni,krna kita nnti psti bakal lewatin yg nama'a kampung Arab .",3 tahun lalu
BUSUR HUJAN,Tempat nya enak dan sejuk cocok buat liburan keluarga,2 tahun lalu
Herisdianto Ris,Enak buat main air,5 bulan lalu
Ajeng Difta,Bagus tempat nya,7 bulan lalu
harti jaya,Bersih keren dan rekomendasi cuman pedagang mengganggu pemandangan,5 bulan lalu
Yana Herdiana,"Pas buat piknik sama keluarga ataupun ngajak s doi,tapi jarak curug satu ke curug lainya lumayan nanjak lagi",3 tahun lalu
dudung suhandi,nuansa tempatnya alami banget... sepanjang jalan gemercik suara air waduhh seger banget..,3 tahun lalu
Yunita Anna Adelina S,"Curug 7 Cilembar tempat air terjun yg tdk jauh untuk dijangkau, tempatnya yg asri dan nyaman. Dapat membawa keluarga & anak untuk mengunjunginya.",2 tahun lalu
Putra Nathan,Tempat wisata yang asyik. Murah meriah. Naik motor jauh lebih enak ke sini.,3 tahun lalu
Lontong Balap,Sampai sana tutup....di situ bilang nya buka 24 jam,7 bulan lalu
R.afiransyach moendari,Brrrrr..air terjunny dingin banget sampe mencucuk tulang.ada area tuk kemping...mumer 25k/org,2 tahun lalu
Muhamad Thamrin,Tempat paling favorit tuk keluarga sayaBikin kangen tuk camp Family,2 tahun lalu
Burhan Channel,Recommended banget untuk wisata keluarga diarea puncak pass bogor. Karena tempatnya tepat banget untuk mengajak keluarga berwisata dicurug 7 cilember,setahun lalu
Ginta Marsya Ayunda,"Tiket masuk 25 ribu per orang. Parkir motor di bawah 10 ribu per motor. Ada 7 curug, curug 5&7 jalanannya sudah tangga""..",2 tahun lalu
Hendra Laksono,Tempatnya bagus banget buat foto,8 bulan lalu
ahmad rahdi,Bagus Buat Spot Foto Cuma Banyak Police Line Nya,9 bulan lalu
dede rosmiyati,"Tempat wisata yang mudah dijangkau dari Jakarta, hanya harus hati hati karena jalannya cukup terjal dan curam.Curugnya banyak dan bagus bagus, tempatnya juga sejuk.",3 tahun lalu
Joko Sulistyanto,Alami wisata alamnya,3 hari lalu
Lydia Febriani,naik ke curug berasa lagi hiking ğŸ˜‚ğŸ‘,6 bulan lalu
Irwan Saputra,Saya suka tempat ini bukan karena ada air terjun nya tapi karena tempat teduh dan aroma khas gunung nya.,3 tahun lalu
Ary Sakti P Siregar,Wisata air yg cukup asri...,5 bulan lalu
Andri NuMe,"cukup bagus, tp cm mampu 1 air terjun, 6 sisanya gak sanggup ğŸ˜",2 tahun lalu
pemburu takjil,Tiket masuknya murah.. Cuma 25k.. Dan masih Asri ada monyetnya juga..,2 tahun lalu
Ana Desi Astuti,"Suasananya adem, Curug nya juga bagus, fasilitas pendukung cukup lengkap.Tapi aksesibilitas menuju Curug Cilember, masih sangat terbatas. Jalan sempit &  berlubang. Bahkan untuk berpapasan sesama mobil pribadi pun sulitnya.....Perlu pembenahan dan perluasan akses jln.",3 tahun lalu
Wida Eka Widaningrum,Yuu.. Liburan kesini.. Reccomended banget...,2 tahun lalu
Robby Awaludin,Tempatnya dikelola dengan baik,5 bulan lalu
Fetra Koto,Curugnya bagus dan asri..,3 bulan lalu
Pratama Shinta,Keren..,sebulan lalu
AL RAMADHAN SUWARNO,"Keren banget dah pokoknya .. walaupun Curug 7 dari pintu masuk sekitar 150 meter harus jalan, tapi walaupun harus jalan sejauh itu kalian gak bakal bosen dengan suasana yg dibangun di Curug ini, seperti adanya musik yg merdu disandingkan â€¦",setahun lalu
egi blues,Keren,4 bulan lalu
mc_desain,Nyaman parah. Gila capeknya pas udah nemu Curug ke-2. Mau nyari yg ke-1 tapi belum dibuka untuk publik. Tapi pemandangannya sangat memuaskan. Subhanallah mantapz sekali,setahun lalu
Dwi Rizki,Suasananya sejuk banget tapi sayang banyak sampah plastik dibawah curug 5,setahun lalu
H. Muhammad,Curug 7 cilember adalah salah satu wisata yg mempunyai 7 air mancur. Dimana pemandangan yang sangat alami dan jauh dari polusi dan perkotaan sehingga cocok untuk tempat menghilangkan stress setelah bekerja.,3 tahun lalu
Adhani Rizqullah Al Thaafi,"Kalau kesini harus hati-hati karena jalanannya agak terjal dan kalau bawa anak-anak harus dijaga agar tidak terjadi hal-hal yang tidak diinginkan. Waktu kesini pengunjung sangat ramai, dan kebersihan tidak terlalu dijaga sehingga ada â€¦",setahun lalu
oky tresia,Tempat terlalu ramai dan sewaktu kesana air sedang dalam aliran kecil ;(,setahun lalu
Dika Rawi Apriliando,"Tempatnya asri, sejuk, hampir setiap sore itu hujan.. ada banyak curug di cilember tapi harus mendaki.. saya sudah mencapai curug 2 saat terakhir kesana .. good place dehh",4 tahun lalu
didi prasetyo,Tiket lumayan cukup mahal untuk domestik,3 bulan lalu
[wiesnu],PT. summit Oto finance (cabang Bekasi),setahun lalu
Yanwar Syahputra,Tempat yang bagus dan sejuk untuk camp..dan main air curug..,setahun lalu
Hardhiyanto Eko Saputro,Perjalanan menuju tempatnya agak sempit sehingga lama di jalan... Kalo curug nya mantap lah....,2 tahun lalu
alvinaulia rahman,"Toilet bersih, masuk 25rb parkir 10rb",6 bulan lalu
Bimo Setiawan,"Lumayan luas dan masih alami banget tempatnya.. Yg bikin unik itu, Ada tahapan level di curugnya, juga ada rumah pohonnya.. Recommended banget main kesini sama keluarga dan pasangan heheeğŸ‘ğŸ‘ğŸ‘",4 tahun lalu
zul fikar,Saya dan keluarga sering berkunjung kesiniBerbagai macam wisata yang disediakan :- Curuk 1-7- taman wisata alam- Sangkar raksasa kupu-kupu- hiasan bunga- Cafe & sisha- toko souvenir,4 tahun lalu
okto handoko,Msh belum explore banget. Jd 3 dulu bintangnya,2 tahun lalu
Martina Susanti,Tempat yg sejuk dan banyak oksigen yg bersih...,2 tahun lalu
Gian Prastiyo,"Wisata alam yg cukup bikin fresh, cuma akses jalan yg kecil sering membuat macet ketika 2 mobil berpapasan.",2 tahun lalu
Maydarlis Cannel,"Mantaap,suasanya asri,airnya masih bening,salah satu air terjun terdekat dari Jakarta",4 tahun lalu
Hendra Gunawan,Lumayan latihan panasin dengkul lg..,setahun lalu
Aben Setiono,"Tempatnya enak buat liburan, murah, parkiran ada, jalannya lumayan gak jauh tapi nanjak",2 tahun lalu
Abdan Syakuro,"Gue heran kenapa hari Jumat siang banyak orang Arab, mereka ngajarin doang tapi sendirinya kaga jumatan, udh kyk surga jalur lokal yee sue wkwk",setahun lalu
Liah Lestari,Seger bat airnyağŸ˜,setahun lalu
Sheina Setya,"Airnya jernihhhhhh sekali, dingin, segerrrrrr, cocok buat kalian yg hidup di kota, kalau sudah sampai tempat ini pasti gak mau pulang, duduk di bawah pohon pinus sambil makan mendoan dan kopi panas, ğŸ˜Š.yg mau beribadah di curug no. 2 dr arah bawah ini ada musholanya, pasti rasanya mau balik"" kesini lagi.. Bogorrr ğŸ‘",2 tahun lalu
marina ismanto,Ok bgt buat yg suka hiking n maen aerKalo ga mau hiking jauh2 bisa maen aer d curug paling bawahAda juga tmpt maen2,2 tahun lalu
Sam Nugo,tempat wisata alam yang masih asri dan nyaman.,6 bulan lalu
Muhammad Firza Arvian,Cocok untuk liburan keluarga,6 bulan lalu
Aris Aswin,Pemandangan yg asri dan begitu indah air terjun nya,7 bulan lalu
Djoko Tribowo,Makin Ramai Pedagang Bkn Pengunjung nya....,7 bulan lalu
Yoga yulistyan,Gak nyesel deh datang kesini berasa beban hutang ilang liat pemandangan disini.,3 tahun lalu
sandi ahmad saefudin,"Akses ke lokasi wisata mudah, fasilitas lengkap. Cocok untuk keluarga, Karena jarak antara tempat parkir dan lokasi curug cukup dekat. Bisa camping dan ada kolam terapi Ikan yg unik.",3 tahun lalu
Oman Homsa,"Kesana liburan bersama muda/i Palsigunung kemarin bulan Mei awal. Akses via minibus sempat ga kuat nanjak, mesti ambil ancang2 dari jauh.heheh",3 tahun lalu
Joko Temok jaler piambak,Lumayan bagus dan bersih tempatnya,8 bulan lalu
Ayu Permata,tempatnya bagusbnyak spot untuk selfietempat bilasnya juga banyak,setahun lalu
Dini Oktaviani,untuk yang butuh ketenangan bisa ke curug 6 atau 5 kalo yang 7 terlalu ramai,3 tahun lalu
Shinta & Cinta Channel,"Hahahaha kangen bareng temen kantor, iiisshh airnya bening tempatnya banyak spot foto hehehehhehe",setahun lalu
Dicky Kurniawan,"jalur naik ke curug doang yg agak bahaya kalo gak hati*,,selain itu kerenlah",setahun lalu
Hidayat Dwi Saputra,"Wisata semi hiking , tiket masuk 25rb",setahun lalu
Boksun Hendra,Masih alami,5 bulan lalu
Eko Purwanto,Mantap jlannya curuq 2,2 bulan lalu
Kopi Hitam Aja,"Tempatnya enak, adem, sejuk, wisata sekalian olahraga....cape banyak terbayar pas sampai di Curug nya,...ad flying fox juga buat latihan si kecil..",3 tahun lalu
RULLY BUDIMAN,Abb jaya,5 bulan lalu
Kadmul Tea,"Tempatnya makin rapi makin bersih makin banyak wahananya makin banyak pedagangnya juga, pokoknya makin okelah d banding 10 thn k blkgğŸ˜ğŸ˜",setahun lalu
elfarizi,"Destinasi lumayan oke di daerah cisarua, menuju lokasi air terjun jalan dr pintu tiket 1 kiloan. Utk org tua masih oke (asal tidak ada sakit encok), banyak tempat istirahat dan warung jajan disepanjang rute menuju air terjun. Disarankan pas cuaca cerah lebih oke.",setahun lalu
Ichsan Amin,"Sudah pastilah disini tempatnya sangat bagus banget buat angel photo pemandangan, Thank's To Allaah S.W.T",setahun lalu
santi suryaatmaja,"Lumayan asyik looh kesitu, bagi yg usia golden age dn tebiasa olah raga, bolehlah, tp klo ga biasa, yaaa kaya aq ini ğŸ˜„ğŸ˜„ğŸ˜„,, ngosÂ²an ğŸ¤¦ğŸ¼â€â™€ğŸ˜‚ğŸ˜‚",setahun lalu
pipin tasripin,Menarik,2 minggu lalu
DADAN WILDAN,Murah meriah,setahun lalu
Iis Namara,"keren pas curug 7 nya , bbrp akses menuju curug lain ny wktu itu gk ke jangkau dan ad yg d tutup jg karn cuaca jg sih .. ğŸ˜• tp aku suka alam ğŸ¤—ğŸ¤—",setahun lalu
Bambang Sunaryadi,"Tempatnya asyik buat keluarga, perjalanan tidak jauh dari jalan raya puncak lokasi mudah dijangkau kendaraan roda 2 & 4",setahun lalu
Adi Setiawan,Sejuk,3 minggu lalu
Novita Fuji Rachmawaty,Baguuuus. Tiket masuk per orang 25rb,setahun lalu
Hilmy Kamal,Banyak monyet nya takut di cium,4 bulan lalu
